date,asset_id,y_true,y_pred,pred_std,rank_pred,rank_true,model,train_end_date,forecast_date
2024-04-30,BND,0.011951024079959627,-0.004128088220988225,0.02079215964851771,13.0,15.0,plain,2024-03-29,2024-04-30
2024-04-30,BNDX,-0.0019108037418127388,-0.0028411436936187726,0.017470147054409548,8.0,18.0,plain,2024-03-29,2024-04-30
2024-04-30,EWX,0.01013819728584009,-0.0010772454218406814,0.03991753741406178,6.0,17.0,plain,2024-03-29,2024-04-30
2024-04-30,HYEM,0.021591873008255158,-0.004195192813161422,0.02930969229940737,14.0,10.0,plain,2024-03-29,2024-04-30
2024-04-30,HYG,0.011487861168059998,-0.0014947922177175371,0.02636029526821088,7.0,16.0,plain,2024-03-29,2024-04-30
2024-04-30,IEF,0.013141936546786637,-0.00498556240596609,0.0243702220051892,15.0,14.0,plain,2024-03-29,2024-04-30
2024-04-30,IJR,0.04537370076456737,-0.003175678468503605,0.05909325265252967,10.0,3.0,plain,2024-03-29,2024-04-30
2024-04-30,IWM,0.04536874079598108,-0.006386454093726358,0.06098066739030264,16.0,4.0,plain,2024-03-29,2024-04-30
2024-04-30,LQD,0.01725810922254345,-0.004032454234390848,0.03303184617660852,12.0,12.0,plain,2024-03-29,2024-04-30
2024-04-30,MGK,0.0643519557782748,0.009228476146305032,0.06402306577703769,1.0,1.0,plain,2024-03-29,2024-04-30
2024-04-30,SPY,0.045564790458222815,0.00744489058053345,0.050197358569472876,2.0,2.0,plain,2024-03-29,2024-04-30
2024-04-30,VEA,0.041640344578645516,0.0006323101577991885,0.050301794728750515,5.0,5.0,plain,2024-03-29,2024-04-30
2024-04-30,VNQ,0.040605937816483806,0.0021426218440762984,0.0631098016923971,4.0,7.0,plain,2024-03-29,2024-04-30
2024-04-30,VNQI,0.021687381135155448,-0.006918992089206639,0.052439203517630394,17.0,9.0,plain,2024-03-29,2024-04-30
2024-04-30,VSS,0.040645535017002965,-0.0029511481916004462,0.05111297601842813,9.0,6.0,plain,2024-03-29,2024-04-30
2024-04-30,VTV,0.025053327631633815,0.005982816547564783,0.04495353148629306,3.0,8.0,plain,2024-03-29,2024-04-30
2024-04-30,VWO,0.016702925343685227,-0.009348875407377602,0.04607609965690349,18.0,13.0,plain,2024-03-29,2024-04-30
2024-04-30,VWOB,0.019301965253052167,-0.003793644624233649,0.03359856486074612,11.0,11.0,plain,2024-03-29,2024-04-30
2024-05-31,BND,0.00462670507375651,-0.002967453585889194,0.02039595095410059,17.0,7.0,plain,2024-04-30,2024-05-31
2024-05-31,BNDX,0.0021567691568484815,-0.002343393980148092,0.01695094101187951,16.0,8.0,plain,2024-04-30,2024-05-31
2024-05-31,EWX,0.009452349721705167,0.0039048855231311836,0.03928478638067555,5.0,5.0,plain,2024-04-30,2024-05-31
2024-05-31,HYEM,-0.000698313828045527,-0.00141410962133651,0.029271083396282708,14.0,11.0,plain,2024-04-30,2024-05-31
2024-05-31,HYG,0.0006294022629442786,0.00029138189741909705,0.025878666500572328,10.0,10.0,plain,2024-04-30,2024-05-31
2024-05-31,IEF,0.007975218029763198,-0.004066247985660602,0.023997678607393463,18.0,6.0,plain,2024-04-30,2024-05-31
2024-05-31,IJR,-0.02777411663511098,0.0035161007026791183,0.05887875071266393,7.0,17.0,plain,2024-04-30,2024-05-31
2024-05-31,IWM,-0.015341217425578257,0.00033638211185124434,0.06086250836851722,9.0,14.0,plain,2024-04-30,2024-05-31
2024-05-31,LQD,0.0017944031100933788,-0.002131860786166534,0.03235785627261102,15.0,9.0,plain,2024-04-30,2024-05-31
2024-05-31,MGK,0.070633273362527,0.011626303424383817,0.06363064053455149,1.0,1.0,plain,2024-04-30,2024-05-31
2024-05-31,SPY,0.030989759618026858,0.010657797175371573,0.0500822556081176,2.0,2.0,plain,2024-04-30,2024-05-31
2024-05-31,VEA,-0.0206172931540467,0.005965238517416018,0.049831153470583575,4.0,16.0,plain,2024-04-30,2024-05-31
2024-05-31,VNQ,0.014534153807848282,0.0038187508550027484,0.06253376503244855,6.0,4.0,plain,2024-04-30,2024-05-31
2024-05-31,VNQI,-0.03113009403931266,-0.0013026391047217892,0.05081225573491669,12.0,18.0,plain,2024-04-30,2024-05-31
2024-05-31,VSS,-0.01662879149647556,0.0027767887606152866,0.050594864275104456,8.0,15.0,plain,2024-04-30,2024-05-31
2024-05-31,VTV,-0.0026195261717700813,0.009672928615394906,0.04504061005462658,3.0,12.0,plain,2024-04-30,2024-05-31
2024-05-31,VWO,0.015474584269992153,-0.0013680903793078902,0.04536089646894101,13.0,3.0,plain,2024-04-30,2024-05-31
2024-05-31,VWOB,-0.006560301382907641,-0.0009847130820527141,0.03318250611806818,11.0,13.0,plain,2024-04-30,2024-05-31
2024-06-28,BND,0.018702278642097392,-0.003717727909540499,0.02056583948578168,16.0,11.0,plain,2024-05-31,2024-06-28
2024-06-28,BNDX,0.016436748485161745,-0.00307294394969986,0.01713367412837211,14.0,14.0,plain,2024-05-31,2024-06-28
2024-06-28,EWX,0.002317310069315015,0.002916542868987984,0.039671678378869736,5.0,17.0,plain,2024-05-31,2024-06-28
2024-06-28,HYEM,0.016864450102967776,-0.0021719366488333423,0.029552700007516173,12.0,13.0,plain,2024-05-31,2024-06-28
2024-06-28,HYG,0.01868342309212201,-0.00019435404822019928,0.026231352191522356,8.0,12.0,plain,2024-05-31,2024-06-28
2024-06-28,IEF,0.024107498511795056,-0.004749228646248033,0.02416422371401893,17.0,8.0,plain,2024-05-31,2024-06-28
2024-06-28,IJR,0.1042610676792064,0.0001774760207050209,0.05944489467884768,7.0,1.0,plain,2024-05-31,2024-06-28
2024-06-28,IWM,0.09813979999464628,-0.0012103992065989882,0.06131689389783939,10.0,2.0,plain,2024-05-31,2024-06-28
2024-06-28,LQD,0.021527958994108864,-0.00353394021976705,0.03263823860970675,15.0,9.0,plain,2024-05-31,2024-06-28
2024-06-28,MGK,-0.0275342877348681,0.016739613925537872,0.0652632400718109,1.0,18.0,plain,2024-05-31,2024-06-28
2024-06-28,SPY,0.007324055406330743,0.011610534961313963,0.050825918959167674,2.0,16.0,plain,2024-05-31,2024-06-28
2024-06-28,VEA,0.02527932629644125,0.0018235679713185684,0.05058520904315728,6.0,7.0,plain,2024-05-31,2024-06-28
2024-06-28,VNQ,0.07429030437302608,0.003268085252735683,0.0632940699813234,4.0,3.0,plain,2024-05-31,2024-06-28
2024-06-28,VNQI,0.04507245327997755,-0.006983062106013488,0.05150692682362,18.0,4.0,plain,2024-05-31,2024-06-28
2024-06-28,VSS,0.026954043228278213,-0.0006939854993040823,0.051292941141798346,9.0,6.0,plain,2024-05-31,2024-06-28
2024-06-28,VTV,0.04242662131724839,0.0070626955553556294,0.04536493628682305,3.0,5.0,plain,2024-05-31,2024-06-28
2024-06-28,VWO,0.007326280070927282,-0.0016611422208527083,0.04586675667505408,11.0,15.0,plain,2024-05-31,2024-06-28
2024-06-28,VWOB,0.02018845990644924,-0.0029769104175881495,0.033541950087067444,13.0,10.0,plain,2024-05-31,2024-06-28
2024-07-31,BND,0.010063865308253206,-0.003746770952228644,0.02057563317412721,16.0,12.0,plain,2024-06-28,2024-07-31
2024-07-31,BNDX,0.0006584646004246242,-0.0032825562069876786,0.017128458029324167,14.0,16.0,plain,2024-06-28,2024-07-31
2024-07-31,EWX,0.0029504290205075723,0.0026934163506771823,0.039410067897001355,7.0,15.0,plain,2024-06-28,2024-07-31
2024-07-31,HYEM,0.011307884479181185,-0.0017382442812586719,0.028970610477348443,11.0,9.0,plain,2024-06-28,2024-07-31
2024-07-31,HYG,0.011017041559066687,-0.00011201033352780136,0.026431273827378463,10.0,10.0,plain,2024-06-28,2024-07-31
2024-07-31,IEF,0.009009537372207443,-0.004982372948709406,0.024111344355348528,18.0,13.0,plain,2024-06-28,2024-07-31
2024-07-31,IJR,-0.019869128784164025,0.003967337862237292,0.05992057195490806,4.0,17.0,plain,2024-06-28,2024-07-31
2024-07-31,IWM,-0.02120039323183942,0.0016059580558068578,0.06176831687781293,8.0,18.0,plain,2024-06-28,2024-07-31
2024-07-31,LQD,0.014234207137452604,-0.003573785425205143,0.032578743904852374,15.0,8.0,plain,2024-06-28,2024-07-31
2024-07-31,MGK,0.020451829733575844,0.010118888819034487,0.06799806737774139,1.0,5.0,plain,2024-06-28,2024-07-31
2024-07-31,SPY,0.01887396299311872,0.009104745364198691,0.051555374225482245,2.0,7.0,plain,2024-06-28,2024-07-31
2024-07-31,VEA,0.024554222741294707,0.003361647671957689,0.050558442683025805,6.0,3.0,plain,2024-06-28,2024-07-31
2024-07-31,VNQ,0.047588385940814826,0.003545245454048559,0.06459029228385318,5.0,1.0,plain,2024-06-28,2024-07-31
2024-07-31,VNQI,0.04188595129278938,-0.003805035193700977,0.05191479025373125,17.0,2.0,plain,2024-06-28,2024-07-31
2024-07-31,VSS,0.010722069311799975,0.0006617547917649161,0.051038399581616635,9.0,11.0,plain,2024-06-28,2024-07-31
2024-07-31,VTV,0.024292431805721826,0.008326998038978385,0.04495267680132958,3.0,4.0,plain,2024-06-28,2024-07-31
2024-07-31,VWO,0.005277047111052591,-0.0023728145634532988,0.04428841656856418,13.0,14.0,plain,2024-06-28,2024-07-31
2024-07-31,VWOB,0.01943140356718609,-0.002176224434160293,0.033303232747275216,12.0,6.0,plain,2024-06-28,2024-07-31
2024-08-30,BND,0.009188912672021488,-0.003042130752753951,0.020063000825815896,17.0,14.0,plain,2024-07-31,2024-08-30
2024-08-30,BNDX,0.008531374349142862,-0.0028396020140898813,0.016673714115393305,15.0,15.0,plain,2024-07-31,2024-08-30
2024-08-30,EWX,0.05743998481005885,0.002311298422503611,0.03744593059175209,7.0,2.0,plain,2024-07-31,2024-08-30
2024-08-30,HYEM,0.013346633620933357,-0.001556098780525609,0.028141756594208703,11.0,10.0,plain,2024-07-31,2024-08-30
2024-08-30,HYG,0.012979304883223852,0.00022654967578125728,0.025245990309646353,10.0,11.0,plain,2024-07-31,2024-08-30
2024-08-30,IEF,0.009845938329341442,-0.004034668569535944,0.023695265130188423,18.0,13.0,plain,2024-07-31,2024-08-30
2024-08-30,IJR,0.004430395606739745,0.003707643167605212,0.05867967325112291,5.0,17.0,plain,2024-07-31,2024-08-30
2024-08-30,IWM,0.003152678640958584,0.001361966560451186,0.06024998623449892,8.0,18.0,plain,2024-07-31,2024-08-30
2024-08-30,LQD,0.0156271752524757,-0.0027535929808515133,0.03145333035604768,14.0,9.0,plain,2024-07-31,2024-08-30
2024-08-30,MGK,0.02030439532188466,0.01097889354792253,0.06275923314043577,1.0,6.0,plain,2024-07-31,2024-08-30
2024-08-30,SPY,0.016997276584119092,0.009771199138958247,0.04830070914715488,2.0,7.0,plain,2024-07-31,2024-08-30
2024-08-30,VEA,0.006818434592087419,0.0036336674529590207,0.047941501210730215,6.0,16.0,plain,2024-07-31,2024-08-30
2024-08-30,VNQ,0.028643480933562282,0.006077625782426353,0.06136738581196071,4.0,4.0,plain,2024-07-31,2024-08-30
2024-08-30,VNQI,0.048135542044991375,-0.0028834796344038667,0.04976409940138357,16.0,3.0,plain,2024-07-31,2024-08-30
2024-08-30,VSS,0.02406067535069667,0.0006697874445221244,0.04860423940735278,9.0,5.0,plain,2024-07-31,2024-08-30
2024-08-30,VTV,0.011319485055656608,0.008940358834530851,0.04331238200890653,3.0,12.0,plain,2024-07-31,2024-08-30
2024-08-30,VWO,0.06894309589385994,-0.0022844935736773936,0.043466596511475455,13.0,1.0,plain,2024-07-31,2024-08-30
2024-08-30,VWOB,0.016647039178113943,-0.001738379925013715,0.03211673377097365,12.0,8.0,plain,2024-07-31,2024-08-30
2024-09-30,BND,-0.028554447781120706,-0.0015486456052835483,0.02107176732779125,16.0,10.0,plain,2024-08-30,2024-09-30
2024-09-30,BNDX,-0.01130264329554631,-0.0015254265544782078,0.017488372778890253,15.0,2.0,plain,2024-08-30,2024-09-30
2024-09-30,EWX,-0.02166027895602085,0.0036831793941733797,0.040455685506839714,9.0,8.0,plain,2024-08-30,2024-09-30
2024-09-30,HYEM,-0.015119939258549153,0.0002624902709484232,0.02972384590059881,13.0,5.0,plain,2024-08-30,2024-09-30
2024-09-30,HYG,-0.013695299511744197,0.0028294380669095453,0.026448462940654883,10.0,4.0,plain,2024-08-30,2024-09-30
2024-09-30,IEF,-0.03783363689305319,-0.0024699125528772825,0.024844018728395412,18.0,15.0,plain,2024-08-30,2024-09-30
2024-09-30,IJR,-0.029983875273848493,0.007728795820325935,0.06209201457350709,6.0,11.0,plain,2024-08-30,2024-09-30
2024-09-30,IWM,-0.018210557398683158,0.005335134555460541,0.06370218863478097,7.0,7.0,plain,2024-08-30,2024-09-30
2024-09-30,LQD,-0.03576228522945246,-0.0003407103058736304,0.033075999226490065,14.0,13.0,plain,2024-08-30,2024-09-30
2024-09-30,MGK,-0.010409050113030394,0.01532617972081285,0.0654918269712225,1.0,1.0,plain,2024-08-30,2024-09-30
2024-09-30,SPY,-0.012985563113928733,0.013660560277383747,0.05078451740496017,2.0,3.0,plain,2024-08-30,2024-09-30
2024-09-30,VEA,-0.05520442301285566,0.008081797066415725,0.05059005789929794,5.0,17.0,plain,2024-08-30,2024-09-30
2024-09-30,VNQ,-0.03752694079818808,0.011924488835656458,0.06454187876812414,4.0,14.0,plain,2024-08-30,2024-09-30
2024-09-30,VNQI,-0.07309627221266124,0.002009489505031009,0.053020336776891566,11.0,18.0,plain,2024-08-30,2024-09-30
2024-09-30,VSS,-0.05043069718735338,0.0047477936713501345,0.05140876997540459,8.0,16.0,plain,2024-08-30,2024-09-30
2024-09-30,VTV,-0.01784752952715818,0.012273079092089174,0.045877879683378114,3.0,6.0,plain,2024-08-30,2024-09-30
2024-09-30,VWO,-0.030739376802247143,-0.0017740430400606246,0.04710250675633439,17.0,12.0,plain,2024-08-30,2024-09-30
2024-09-30,VWOB,-0.028057944824930958,0.0010265261104087959,0.03390021156106619,12.0,9.0,plain,2024-08-30,2024-09-30
2024-10-31,BND,0.0069800080527444575,-0.0043667481857149176,0.020283560810285435,16.0,12.0,plain,2024-09-30,2024-10-31
2024-10-31,BNDX,0.012927298988597569,-0.0021552043972812617,0.01654247598945447,13.0,9.0,plain,2024-09-30,2024-10-31
2024-10-31,EWX,-0.00594059668002922,0.0027561054923509014,0.03827688469921762,5.0,16.0,plain,2024-09-30,2024-10-31
2024-10-31,HYEM,0.010211057329524653,-0.0013376909942564672,0.02808469722089655,10.0,11.0,plain,2024-09-30,2024-10-31
2024-10-31,HYG,0.012720997337314577,0.0008561544770496152,0.024992864487776618,8.0,10.0,plain,2024-09-30,2024-10-31
2024-10-31,IEF,0.006507652848424694,-0.0059053606048151104,0.024060744353986523,17.0,13.0,plain,2024-09-30,2024-10-31
2024-10-31,IJR,0.10662174687664994,0.0026917261848023455,0.05845994179788157,6.0,2.0,plain,2024-09-30,2024-10-31
2024-10-31,IWM,0.10664809276394793,0.0018934020496565302,0.059810926749754426,7.0,1.0,plain,2024-09-30,2024-10-31
2024-10-31,LQD,0.014179000700712763,-0.004336855823932198,0.031579215291183946,15.0,7.0,plain,2024-09-30,2024-10-31
2024-10-31,MGK,0.0589666880610451,0.013661253948492618,0.06172061134142796,1.0,3.0,plain,2024-09-30,2024-10-31
2024-10-31,SPY,0.055750545925908,0.010603592061301287,0.04781937409735428,2.0,4.0,plain,2024-09-30,2024-10-31
2024-10-31,VEA,0.00031310330523326435,-0.0002687139052966936,0.04842277383023909,9.0,14.0,plain,2024-09-30,2024-10-31
2024-10-31,VNQ,0.03877121366752867,0.005744578297760896,0.06116220359001659,4.0,6.0,plain,2024-09-30,2024-10-31
2024-10-31,VNQI,-0.009369476482882111,-0.0069794472009958135,0.05113330235135426,18.0,17.0,plain,2024-09-30,2024-10-31
2024-10-31,VSS,-0.0022540846535089587,-0.0018343019558294891,0.04899094200145559,12.0,15.0,plain,2024-09-30,2024-10-31
2024-10-31,VTV,0.052530079283502173,0.007946899724242614,0.043283287156686334,3.0,5.0,plain,2024-09-30,2024-10-31
2024-10-31,VWO,-0.025058565234537977,-0.001825266689075623,0.04456088502173292,11.0,18.0,plain,2024-09-30,2024-10-31
2024-10-31,VWOB,0.014084264111809075,-0.0024887471698310246,0.0321615163476061,14.0,8.0,plain,2024-09-30,2024-10-31
2024-11-29,BND,-0.02045171849322769,-0.003159180173530789,0.021298837386023367,15.0,6.0,plain,2024-10-31,2024-11-29
2024-11-29,BNDX,-0.01135610933648401,-0.0006569543529706772,0.017464480381077518,10.0,3.0,plain,2024-10-31,2024-11-29
2024-11-29,EWX,-0.024801080087742955,0.0017805482718532724,0.04034012953728415,7.0,7.0,plain,2024-10-31,2024-11-29
2024-11-29,HYEM,-0.005639576243270383,8.890712570896347e-05,0.02964652452593002,8.0,2.0,plain,2024-10-31,2024-11-29
2024-11-29,HYG,-0.011477902479254398,-0.0019208160000817795,0.02624622135098876,13.0,4.0,plain,2024-10-31,2024-11-29
2024-11-29,IEF,-0.026204301724076284,-0.004120951251274465,0.02520678847468996,17.0,9.0,plain,2024-10-31,2024-11-29
2024-11-29,IJR,-0.08430524211256318,0.0077437747879068285,0.06388280898413487,4.0,16.0,plain,2024-10-31,2024-11-29
2024-11-29,IWM,-0.08713269156156034,0.00511620684007009,0.0651271261901466,6.0,18.0,plain,2024-10-31,2024-11-29
2024-11-29,LQD,-0.030362803699709562,-0.0033654819354454954,0.03326158378549232,16.0,11.0,plain,2024-10-31,2024-11-29
2024-11-29,MGK,0.007646350497228838,0.00619988409320489,0.06485708840934898,5.0,1.0,plain,2024-10-31,2024-11-29
2024-11-29,SPY,-0.027674985884568626,0.009353492854338575,0.05069177789609845,2.0,10.0,plain,2024-10-31,2024-11-29
2024-11-29,VEA,-0.03863397576802663,-0.002940220980530709,0.051005608284855716,14.0,13.0,plain,2024-10-31,2024-11-29
2024-11-29,VNQ,-0.08711577525130587,0.008138575145655899,0.06429185309673359,3.0,17.0,plain,2024-10-31,2024-11-29
2024-11-29,VNQI,-0.04421685723986302,-0.0012506241854324197,0.05368147431258251,12.0,14.0,plain,2024-10-31,2024-11-29
2024-11-29,VSS,-0.030460187601608624,-0.004790413172048688,0.051523190922262145,18.0,12.0,plain,2024-10-31,2024-11-29
2024-11-29,VTV,-0.06719520464615081,0.01233200364506085,0.04623495485249324,1.0,15.0,plain,2024-10-31,2024-11-29
2024-11-29,VWO,-0.013908644096442546,-0.0004413277634028308,0.04696874170553945,9.0,5.0,plain,2024-10-31,2024-11-29
2024-11-29,VWOB,-0.02582407136965925,-0.0012468685514153584,0.03392558336880137,11.0,8.0,plain,2024-10-31,2024-11-29
2024-12-31,BND,0.0021306432893319904,-0.0037321231854017434,0.01967166822527636,16.0,14.0,plain,2024-11-29,2024-12-31
2024-12-31,BNDX,-0.0013890230643661683,-0.0028405906551164537,0.01611522063826383,14.0,17.0,plain,2024-11-29,2024-12-31
2024-12-31,EWX,-0.029321244811811975,0.0017984686204377581,0.03686075907136243,6.0,18.0,plain,2024-11-29,2024-12-31
2024-12-31,HYEM,0.012546470969839962,-0.0015920084486960653,0.02707064277654202,11.0,7.0,plain,2024-11-29,2024-12-31
2024-12-31,HYG,0.00972639129077324,5.796670637968625e-05,0.024220008575186934,9.0,11.0,plain,2024-11-29,2024-12-31
2024-12-31,IEF,0.00231566538646244,-0.005024282900879817,0.023360850205558593,18.0,13.0,plain,2024-11-29,2024-12-31
2024-12-31,IJR,0.024013251016084647,0.0025938128998994323,0.05956079472616518,5.0,3.0,plain,2024-11-29,2024-12-31
2024-12-31,IWM,0.021059891913360884,0.0005154397612285381,0.060790423640944724,8.0,5.0,plain,2024-11-29,2024-12-31
2024-12-31,LQD,0.001954478043193708,-0.0036560836079768733,0.03066771792211114,15.0,15.0,plain,2024-11-29,2024-12-31
2024-12-31,MGK,0.01001064465154955,0.01118459065821773,0.05986865192358216,1.0,10.0,plain,2024-11-29,2024-12-31
2024-12-31,SPY,0.022927357578157892,0.009114179435370594,0.04681730626328065,2.0,4.0,plain,2024-11-29,2024-12-31
2024-12-31,VEA,0.040337007725633534,0.0010543370079129056,0.04672555180925463,7.0,1.0,plain,2024-11-29,2024-12-31
2024-12-31,VNQ,0.012612635427692975,0.003517292356748554,0.06046978910700946,4.0,6.0,plain,2024-11-29,2024-12-31
2024-12-31,VNQI,0.010275152475870186,-0.0047517643889779925,0.04914837563956829,17.0,9.0,plain,2024-11-29,2024-12-31
2024-12-31,VSS,0.001655888215201573,-0.0010555958790934576,0.047009695253879664,10.0,16.0,plain,2024-11-29,2024-12-31
2024-12-31,VTV,0.03971592504497279,0.007224053775996454,0.04355609807408973,3.0,2.0,plain,2024-11-29,2024-12-31
2024-12-31,VWO,0.004316819194593924,-0.0024744512830557415,0.04280177134444932,13.0,12.0,plain,2024-11-29,2024-12-31
2024-12-31,VWOB,0.012421738518634484,-0.0023566795367992183,0.031117889672933104,12.0,8.0,plain,2024-11-29,2024-12-31
2025-01-31,BND,0.01815996117136831,-0.0035587396513508036,0.019502624578067857,16.0,5.0,plain,2024-12-31,2025-01-31
2025-01-31,BNDX,0.005460987018979013,-0.002879914239929069,0.015963633252278342,14.0,9.0,plain,2024-12-31,2025-01-31
2025-01-31,EWX,-0.00281061851361597,0.0013483218914315193,0.036912107086433096,7.0,14.0,plain,2024-12-31,2025-01-31
2025-01-31,HYEM,0.007858619242900877,-0.0012816347557893458,0.02711129207944104,11.0,7.0,plain,2024-12-31,2025-01-31
2025-01-31,HYG,0.006336048962412022,0.00010687982619904358,0.02402266751785348,9.0,8.0,plain,2024-12-31,2025-01-31
2025-01-31,IEF,0.024569593237521392,-0.004789175435391655,0.02313148093482464,18.0,2.0,plain,2024-12-31,2025-01-31
2025-01-31,IJR,-0.05929346517679435,0.002639455989975996,0.05903122270921528,5.0,18.0,plain,2024-12-31,2025-01-31
2025-01-31,IWM,-0.055394169940179205,0.0004512301910193004,0.060278481232672626,8.0,17.0,plain,2024-12-31,2025-01-31
2025-01-31,LQD,0.02030026308957633,-0.003500742113366924,0.030420842690832058,15.0,3.0,plain,2024-12-31,2025-01-31
2025-01-31,MGK,-0.03132934189532133,0.010754430110643396,0.059383008336723456,1.0,16.0,plain,2024-12-31,2025-01-31
2025-01-31,SPY,-0.015986618805006514,0.00926411902519627,0.04644584790314425,2.0,15.0,plain,2024-12-31,2025-01-31
2025-01-31,VEA,0.01921766025886784,0.002115960745690482,0.04662459636540888,6.0,4.0,plain,2024-12-31,2025-01-31
2025-01-31,VNQ,0.033538665997018935,0.0036790921840077215,0.05978059183534638,4.0,1.0,plain,2024-12-31,2025-01-31
2025-01-31,VNQI,0.0016343537582634848,-0.004013361130588254,0.04885250182091221,17.0,12.0,plain,2024-12-31,2025-01-31
2025-01-31,VSS,-0.0021220435866423637,-0.00085452283167704,0.046725850634480724,10.0,13.0,plain,2024-12-31,2025-01-31
2025-01-31,VTV,0.004731766161276019,0.008003678921551958,0.04328828867419947,3.0,10.0,plain,2024-12-31,2025-01-31
2025-01-31,VWO,0.004073471428530651,-0.0018918464840666366,0.042515297499917046,12.0,11.0,plain,2024-12-31,2025-01-31
2025-01-31,VWOB,0.017630809460742025,-0.001987001440109849,0.03098897809335328,13.0,6.0,plain,2024-12-31,2025-01-31
2025-02-28,BND,-0.0033640818635739533,-0.003030347305163836,0.01961962217961071,16.0,5.0,plain,2025-01-31,2025-02-28
2025-02-28,BNDX,-0.01528572815779039,-0.002453354134038612,0.015917768162414678,13.0,12.0,plain,2025-01-31,2025-02-28
2025-02-28,EWX,-0.012380412693452358,0.000650297105057811,0.03655050195432341,8.0,9.0,plain,2025-01-31,2025-02-28
2025-02-28,HYEM,-0.011135268262156162,-0.0008758429053192076,0.02676902847650784,10.0,8.0,plain,2025-01-31,2025-02-28
2025-02-28,HYG,-0.014306171273787305,0.00061304485533814,0.023892163490110502,9.0,11.0,plain,2025-01-31,2025-02-28
2025-02-28,IEF,-7.859465658921483e-05,-0.004090276740505053,0.023359958349099673,17.0,3.0,plain,2025-01-31,2025-02-28
2025-02-28,IJR,-0.06500052816994117,0.002902019595534089,0.059728581911612344,5.0,16.0,plain,2025-01-31,2025-02-28
2025-02-28,IWM,-0.07178819272582693,0.0010346663637156377,0.06085011687101317,7.0,17.0,plain,2025-01-31,2025-02-28
2025-02-28,LQD,-0.008094767918770285,-0.002829704219612797,0.030410628680632077,15.0,7.0,plain,2025-01-31,2025-02-28
2025-02-28,MGK,-0.08944490506353675,0.01095780792907481,0.059444170675772394,1.0,18.0,plain,2025-01-31,2025-02-28
2025-02-28,SPY,-0.059011064055013884,0.009552400275301794,0.046455394472780465,2.0,15.0,plain,2025-01-31,2025-02-28
2025-02-28,VEA,-0.003583066289803094,0.0023144996321621822,0.04641338329845988,6.0,6.0,plain,2025-01-31,2025-02-28
2025-02-28,VNQ,-0.029273688152069544,0.004612485603946317,0.05976659471832434,4.0,14.0,plain,2025-01-31,2025-02-28
2025-02-28,VNQI,-2.5945487169498627e-05,-0.004707153089420818,0.0482897955567312,18.0,2.0,plain,2025-01-31,2025-02-28
2025-02-28,VSS,-0.00045982413076073314,-0.001205640879727796,0.04636197059016238,11.0,4.0,plain,2025-01-31,2025-02-28
2025-02-28,VTV,-0.027988347724466678,0.008519860137264912,0.043149338333357476,3.0,13.0,plain,2025-01-31,2025-02-28
2025-02-28,VWO,0.009347399473029094,-0.0025211610130723766,0.04195170719324538,14.0,1.0,plain,2025-01-31,2025-02-28
2025-02-28,VWOB,-0.012621617756720327,-0.0013960345185085581,0.030834932103772993,12.0,10.0,plain,2025-01-31,2025-02-28
2025-03-31,BND,0.00029009450670236525,-0.0024681861960738935,0.019338909431894067,17.0,7.0,plain,2025-02-28,2025-03-31
2025-03-31,BNDX,0.013483728047110288,-0.0023915018923463343,0.015803549005621104,16.0,5.0,plain,2025-02-28,2025-03-31
2025-03-31,EWX,-0.00946261213794608,0.0032944201825809045,0.035977007559168994,5.0,12.0,plain,2025-02-28,2025-03-31
2025-03-31,HYEM,-0.012177682498175524,-0.0006439577428587491,0.026326275416906207,11.0,13.0,plain,2025-02-28,2025-03-31
2025-03-31,HYG,-0.0024892554871084327,0.0006682284969326138,0.023550578112239838,8.0,8.0,plain,2025-02-28,2025-03-31
2025-03-31,IEF,0.006865978114202642,-0.003379126249798315,0.023078160722312564,18.0,6.0,plain,2025-02-28,2025-03-31
2025-03-31,IJR,-0.04596095224082897,0.000555206222578002,0.05914433600602902,9.0,18.0,plain,2025-02-28,2025-03-31
2025-03-31,IWM,-0.02678089897753444,-0.0015371874576315216,0.06035163137515571,13.0,15.0,plain,2025-02-28,2025-03-31
2025-03-31,LQD,-0.006352735116246566,-0.002118920418251515,0.02992726796323449,15.0,11.0,plain,2025-02-28,2025-03-31
2025-03-31,MGK,0.017471532475337392,0.00860931948174748,0.06015801701514362,1.0,4.0,plain,2025-02-28,2025-03-31
2025-03-31,SPY,-0.012295217716075557,0.007847373744849848,0.04648059103754416,2.0,14.0,plain,2025-02-28,2025-03-31
2025-03-31,VEA,0.03633022509355022,0.0028769399787712704,0.04545088158808436,6.0,3.0,plain,2025-02-28,2025-03-31
2025-03-31,VNQ,-0.027976566551783266,0.005020247067889047,0.05871227423338378,4.0,16.0,plain,2025-02-28,2025-03-31
2025-03-31,VNQI,0.056429331928629756,-0.0017912989284206465,0.047524105057901556,14.0,1.0,plain,2025-02-28,2025-03-31
2025-03-31,VSS,0.037886406709267906,0.00037397441861774253,0.045383050716834364,10.0,2.0,plain,2025-02-28,2025-03-31
2025-03-31,VTV,-0.03976356018402516,0.007454434190911765,0.042493257731587644,3.0,17.0,plain,2025-02-28,2025-03-31
2025-03-31,VWO,-0.0038767475017809083,0.0011751959987702407,0.04142930858152011,7.0,9.0,plain,2025-02-28,2025-03-31
2025-03-31,VWOB,-0.005451054410293477,-0.0008629920838950562,0.03032358331808734,12.0,10.0,plain,2025-02-28,2025-03-31
2025-04-30,BND,-0.010405812935293413,-0.003020453417282675,0.019144389029917802,16.0,17.0,plain,2025-03-31,2025-04-30
2025-04-30,BNDX,-0.0036073072621815028,-0.002594966521135643,0.01580353982188687,13.0,16.0,plain,2025-03-31,2025-04-30
2025-04-30,EWX,0.05258693861625119,0.0006311389603872151,0.03567308633506837,6.0,4.0,plain,2025-03-31,2025-04-30
2025-04-30,HYEM,0.013444449743901021,-0.0016109435897529876,0.026148145298440263,10.0,12.0,plain,2025-03-31,2025-04-30
2025-04-30,HYG,0.01377968392855844,-1.2630529511574161e-05,0.023353862090910938,7.0,11.0,plain,2025-03-31,2025-04-30
2025-04-30,IEF,-0.016038323489158235,-0.003838408109272468,0.022887773306640272,18.0,18.0,plain,2025-03-31,2025-04-30
2025-04-30,IJR,0.048451094410953965,-0.001137872280428789,0.05900568912638045,9.0,6.0,plain,2025-03-31,2025-04-30
2025-04-30,IWM,0.04851543894229127,-0.002782924963102912,0.05993807624385651,14.0,5.0,plain,2025-03-31,2025-04-30
2025-04-30,LQD,-0.0016314211873060813,-0.003150617820465739,0.029645907863610408,17.0,15.0,plain,2025-03-31,2025-04-30
2025-04-30,MGK,0.08806894482991412,0.00811587071463172,0.059487995095408086,1.0,1.0,plain,2025-03-31,2025-04-30
2025-04-30,SPY,0.05892535655610698,0.0068754954438240415,0.04613345287429504,2.0,2.0,plain,2025-03-31,2025-04-30
2025-04-30,VEA,0.04738096713323614,0.0031675629616136785,0.045397721518274724,4.0,7.0,plain,2025-03-31,2025-04-30
2025-04-30,VNQ,0.007478841321275631,0.0028572330620941157,0.05854890263435475,5.0,13.0,plain,2025-03-31,2025-04-30
2025-04-30,VNQI,0.025806609111785894,-0.002818484961165681,0.04786872906779839,15.0,9.0,plain,2025-03-31,2025-04-30
2025-04-30,VSS,0.056461640045441186,-3.7494610391357674e-05,0.045418683809001596,8.0,3.0,plain,2025-03-31,2025-04-30
2025-04-30,VTV,0.025696414994013983,0.006048777913465139,0.04270419980556677,3.0,10.0,plain,2025-03-31,2025-04-30
2025-04-30,VWO,0.03484362160159704,-0.0019170297727302684,0.04109535684629043,12.0,8.0,plain,2025-03-31,2025-04-30
2025-04-30,VWOB,0.006743996756001014,-0.001907020496038679,0.03003144540967935,11.0,14.0,plain,2025-03-31,2025-04-30
2025-05-30,BND,0.011602274676301816,-0.003240761409753281,0.018928122368681674,17.0,16.0,plain,2025-04-30,2025-05-30
2025-05-30,BNDX,-0.00013819540530135566,-0.0026838388541583526,0.015600056480220423,15.0,18.0,plain,2025-04-30,2025-05-30
2025-05-30,EWX,0.05043478917948763,0.0019051866471927704,0.036159533108716425,6.0,5.0,plain,2025-04-30,2025-05-30
2025-05-30,HYEM,0.014454696064103212,-0.00123891976102491,0.026058198964783518,11.0,14.0,plain,2025-04-30,2025-05-30
2025-05-30,HYG,0.014810137654057698,0.00026568369910242516,0.023214310481678047,8.0,13.0,plain,2025-04-30,2025-05-30
2025-05-30,IEF,0.012452828282454309,-0.004203000565902233,0.022610491708505983,18.0,15.0,plain,2025-04-30,2025-05-30
2025-05-30,IJR,0.03734736300075814,-0.00012494412415696345,0.05867358183425533,9.0,8.0,plain,2025-04-30,2025-05-30
2025-05-30,IWM,0.05147995646827952,-0.0017146720517313345,0.05963841103662743,12.0,4.0,plain,2025-04-30,2025-05-30
2025-05-30,LQD,0.01724059290590274,-0.0031673329352035914,0.02930409841544838,16.0,12.0,plain,2025-04-30,2025-05-30
2025-05-30,MGK,0.06034673392230827,0.010021489203661492,0.06002137699211638,1.0,1.0,plain,2025-04-30,2025-05-30
2025-05-30,SPY,0.04769511906164903,0.008061968678271164,0.04626829439026463,2.0,6.0,plain,2025-04-30,2025-05-30
2025-05-30,VEA,0.03025685369709885,0.00415439215253587,0.0453785640743667,4.0,10.0,plain,2025-04-30,2025-05-30
2025-05-30,VNQ,0.003349989418437449,0.00273485333835341,0.05785937496825245,5.0,17.0,plain,2025-04-30,2025-05-30
2025-05-30,VNQI,0.04115888912622401,-0.002260306267055722,0.047718121819754794,14.0,7.0,plain,2025-04-30,2025-05-30
2025-05-30,VSS,0.054769444558085745,0.0012438365337516172,0.04564186787964603,7.0,2.0,plain,2025-04-30,2025-05-30
2025-05-30,VTV,0.03323300064606505,0.006429935896531886,0.042277419724369505,3.0,9.0,plain,2025-04-30,2025-05-30
2025-05-30,VWO,0.051682004499440826,-0.0010657862182857788,0.04116733816049008,10.0,3.0,plain,2025-04-30,2025-05-30
2025-05-30,VWOB,0.021275028411698482,-0.0017412360532655883,0.029839701542117354,13.0,11.0,plain,2025-04-30,2025-05-30
2025-06-30,BND,-0.006504739030037898,-0.0031625801547373964,0.018936738848243508,17.0,14.0,plain,2025-05-30,2025-06-30
2025-06-30,BNDX,-0.004987026634605485,-0.0027214376626806544,0.015529712081193388,15.0,13.0,plain,2025-05-30,2025-06-30
2025-06-30,EWX,0.003689786989881094,0.0029481960739874305,0.036148210251454586,5.0,6.0,plain,2025-05-30,2025-06-30
2025-06-30,HYEM,0.005285540526713373,-0.0008280327135313382,0.02556312750855796,12.0,4.0,plain,2025-05-30,2025-06-30
2025-06-30,HYG,-0.002505643673478053,0.0004752859784366891,0.023119344493209695,9.0,10.0,plain,2025-05-30,2025-06-30
2025-06-30,IEF,-0.009774460486045689,-0.004177800970231291,0.022573070499185544,18.0,16.0,plain,2025-05-30,2025-06-30
2025-06-30,IJR,0.005165459952137574,0.0008615673824712211,0.0584420636772487,8.0,5.0,plain,2025-05-30,2025-06-30
2025-06-30,IWM,0.012760536342750761,-0.00032480607669627885,0.05963601618116184,11.0,3.0,plain,2025-05-30,2025-06-30
2025-06-30,LQD,-0.004751806290341776,-0.003037193501919764,0.02932718453152344,16.0,12.0,plain,2025-05-30,2025-06-30
2025-06-30,MGK,0.03526188252947149,0.010566074665987612,0.06003065173122633,1.0,1.0,plain,2025-05-30,2025-06-30
2025-06-30,SPY,0.01908467259702551,0.008646786886744464,0.04604604367892749,2.0,2.0,plain,2025-05-30,2025-06-30
2025-06-30,VEA,-0.017661688428391775,0.004230783212409796,0.04525879870390346,4.0,17.0,plain,2025-05-30,2025-06-30
2025-06-30,VNQ,-0.0029631901869612287,0.002058584634053634,0.05757407611196665,6.0,11.0,plain,2025-05-30,2025-06-30
2025-06-30,VNQI,-0.023931985253554888,-0.0017428317341248256,0.04811962232934791,14.0,18.0,plain,2025-05-30,2025-06-30
2025-06-30,VSS,-0.009120730437294888,0.0019181490286640421,0.046250586671848656,7.0,15.0,plain,2025-05-30,2025-06-30
2025-06-30,VTV,-0.002167296251026851,0.006982798757359573,0.04202170868477528,3.0,9.0,plain,2025-05-30,2025-06-30
2025-06-30,VWO,0.002989658374459969,-7.124669005042789e-05,0.041381197139737536,10.0,8.0,plain,2025-05-30,2025-06-30
2025-06-30,VWOB,0.003448440525834595,-0.0014471226728839197,0.029791242955570087,13.0,7.0,plain,2025-05-30,2025-06-30
2025-07-31,BND,0.00807812210543446,-0.0029398169997801957,0.0188809739665229,17.0,14.0,plain,2025-06-30,2025-07-31
2025-07-31,BNDX,-0.002067319775812204,-0.0022414577418512064,0.015544378624057754,14.0,18.0,plain,2025-06-30,2025-07-31
2025-07-31,EWX,0.059400893238615415,0.0024269011492651146,0.03492490124868432,8.0,3.0,plain,2025-06-30,2025-07-31
2025-07-31,HYEM,0.015516960192426321,-0.0005391475846959471,0.024780434917835423,11.0,11.0,plain,2025-06-30,2025-07-31
2025-07-31,HYG,0.007592081092513414,0.0007794526508858191,0.022770004490888604,10.0,15.0,plain,2025-06-30,2025-07-31
2025-07-31,IEF,0.013001796164747947,-0.003910281464151319,0.022723917898136485,18.0,13.0,plain,2025-06-30,2025-07-31
2025-07-31,IJR,0.06670221737939297,0.0035769339831659927,0.05753543455387337,4.0,2.0,plain,2025-06-30,2025-07-31
2025-07-31,IWM,0.06825719167208533,0.0026369450327039428,0.05887607043243507,7.0,1.0,plain,2025-06-30,2025-07-31
2025-07-31,LQD,0.006976619857565147,-0.002594196940442528,0.028961975765851838,15.0,16.0,plain,2025-06-30,2025-07-31
2025-07-31,MGK,0.005506659536577585,0.012596304414773388,0.05990666804471281,1.0,17.0,plain,2025-06-30,2025-07-31
2025-07-31,SPY,0.01702595928567807,0.01008271971962367,0.045581502141314297,2.0,10.0,plain,2025-06-30,2025-07-31
2025-07-31,VEA,0.040715274460404016,0.0035346279427052774,0.04358475845577388,5.0,5.0,plain,2025-06-30,2025-07-31
2025-07-31,VNQ,0.031234327777198256,0.0029792370122281274,0.05600854222063247,6.0,8.0,plain,2025-06-30,2025-07-31
2025-07-31,VNQI,0.03800885965747658,-0.002601781345732867,0.04648571763454488,16.0,6.0,plain,2025-06-30,2025-07-31
2025-07-31,VSS,0.04570476560415426,0.001524857297474996,0.04423702432166016,9.0,4.0,plain,2025-06-30,2025-07-31
2025-07-31,VTV,0.03136466424235729,0.00771845664260923,0.04120668873852067,3.0,7.0,plain,2025-06-30,2025-07-31
2025-07-31,VWO,0.03119670619044923,-0.001188740319518536,0.039987967998246166,13.0,9.0,plain,2025-06-30,2025-07-31
2025-07-31,VWOB,0.01365436989165425,-0.0010311378962488435,0.028934675048636564,12.0,12.0,plain,2025-06-30,2025-07-31
2025-08-29,BND,0.007605186728319557,-0.0024960423048294485,0.018866965129132964,17.0,12.0,plain,2025-07-31,2025-08-29
2025-08-29,BNDX,0.0018363752508925302,-0.0024244411307444693,0.015401163205242468,16.0,16.0,plain,2025-07-31,2025-08-29
2025-08-29,EWX,0.00934001338555035,0.004164966365921668,0.03694484817301841,5.0,11.0,plain,2025-07-31,2025-08-29
2025-08-29,HYEM,-0.00331045141799291,-0.00028822930106760583,0.02563609734235933,13.0,18.0,plain,2025-07-31,2025-08-29
2025-08-29,HYG,0.005419827704700397,0.0008906820303313999,0.022888470393504615,11.0,14.0,plain,2025-07-31,2025-08-29
2025-08-29,IEF,0.0030789765395491386,-0.0033074376104318577,0.022528210850865926,18.0,15.0,plain,2025-07-31,2025-08-29
2025-08-29,IJR,0.007030856049952794,0.0018675048127012805,0.05874220817080469,8.0,13.0,plain,2025-07-31,2025-08-29
2025-08-29,IWM,0.028272862598571757,0.000767554551240539,0.05999011615687781,12.0,4.0,plain,2025-07-31,2025-08-29
2025-08-29,LQD,0.015298273601140222,-0.002239524178670749,0.029136864882161488,15.0,8.0,plain,2025-07-31,2025-08-29
2025-08-29,MGK,0.04538102472427963,0.011022219953418535,0.05928658216961006,1.0,2.0,plain,2025-07-31,2025-08-29
2025-08-29,SPY,0.03208906394277711,0.009280012557602385,0.04586856041423914,2.0,3.0,plain,2025-07-31,2025-08-29
2025-08-29,VEA,0.022001136102260732,0.0056372337702151895,0.04531235405099248,4.0,5.0,plain,2025-07-31,2025-08-29
2025-08-29,VNQ,-0.00283545540317498,0.003806677876675532,0.05714026277951879,6.0,17.0,plain,2025-07-31,2025-08-29
2025-08-29,VNQI,0.010131917120224765,0.0009512432236580505,0.047997517297615165,10.0,10.0,plain,2025-07-31,2025-08-29
2025-08-29,VSS,0.018182193335737562,0.00363100009956919,0.046136494287390396,7.0,7.0,plain,2025-07-31,2025-08-29
2025-08-29,VTV,0.019529753810910266,0.0077640056236204175,0.041816366488008586,3.0,6.0,plain,2025-07-31,2025-08-29
2025-08-29,VWO,0.053275426570534856,0.001176912762182604,0.04135055367056328,9.0,1.0,plain,2025-07-31,2025-08-29
2025-08-29,VWOB,0.01131423841949819,-0.0004338059307864191,0.029656927068128273,14.0,9.0,plain,2025-07-31,2025-08-29
2025-09-30,BND,0.002537902886591281,-0.0022825664668528036,0.018779489311604527,17.0,9.0,plain,2025-08-29,2025-09-30
2025-09-30,BNDX,0.006523504636154476,-0.0022151157884616277,0.015284222312855414,16.0,7.0,plain,2025-08-29,2025-09-30
2025-09-30,EWX,-0.003915097877319473,0.0036128463248267023,0.036531367201747614,5.0,13.0,plain,2025-08-29,2025-09-30
2025-09-30,HYEM,0.00027650254078182,-0.0007197723846547471,0.02537038077857232,14.0,10.0,plain,2025-08-29,2025-09-30
2025-09-30,HYG,-0.003581832310472044,0.0007732061942062613,0.022782266665895116,11.0,12.0,plain,2025-08-29,2025-09-30
2025-09-30,IEF,0.0036171952388968087,-0.0030037284217797203,0.02238251190789928,18.0,8.0,plain,2025-08-29,2025-09-30
2025-09-30,IJR,-0.012108590721114587,0.002268894061541364,0.05865298087152716,8.0,16.0,plain,2025-08-29,2025-09-30
2025-09-30,IWM,0.014115453040836279,0.001747117229747748,0.05998290090114388,9.0,5.0,plain,2025-08-29,2025-09-30
2025-09-30,LQD,-0.001981307435778734,-0.001983170807537223,0.029030870633696883,15.0,11.0,plain,2025-08-29,2025-09-30
2025-09-30,MGK,0.04184616666398688,0.012035507611983562,0.059209907353630575,1.0,1.0,plain,2025-08-29,2025-09-30
2025-09-30,SPY,0.02028375894432366,0.009347201771496063,0.04585455348014875,2.0,2.0,plain,2025-08-29,2025-09-30
2025-09-30,VEA,0.014158067636574012,0.005317132297917089,0.04505556361654123,4.0,4.0,plain,2025-08-29,2025-09-30
2025-09-30,VNQ,-0.02788797094511697,0.0029235323918876638,0.05692864587663839,7.0,18.0,plain,2025-08-29,2025-09-30
2025-09-30,VNQI,-0.015995303603671296,-0.0003653194130476473,0.04756012348592408,12.0,17.0,plain,2025-08-29,2025-09-30
2025-09-30,VSS,-0.004799080760367169,0.003393962554603636,0.045793932423750405,6.0,14.0,plain,2025-08-29,2025-09-30
2025-09-30,VTV,-0.007371739211896489,0.006923671491795378,0.041807345859645836,3.0,15.0,plain,2025-08-29,2025-09-30
2025-09-30,VWO,0.01105958429806142,0.0011468228920920743,0.0414059259168871,10.0,6.0,plain,2025-08-29,2025-09-30
2025-09-30,VWOB,0.017691027145166904,-0.0006195318007024013,0.02947066735072545,13.0,3.0,plain,2025-08-29,2025-09-30
2025-10-31,BND,0.00297114143881938,-0.0024200266599004486,0.018254222902328813,17.0,11.0,plain,2025-09-30,2025-10-31
2025-10-31,BNDX,-0.0048075810569000454,-0.0022828704690592643,0.014879932931482398,16.0,15.0,plain,2025-09-30,2025-10-31
2025-10-31,EWX,-0.016176668191666965,0.004506260390982397,0.0356825543805894,5.0,17.0,plain,2025-09-30,2025-10-31
2025-10-31,HYEM,-0.0021991673283033863,-5.290147352671193e-05,0.024920174349328045,12.0,14.0,plain,2025-09-30,2025-10-31
2025-10-31,HYG,0.004457544291176285,0.0008847294539645891,0.022101938957997235,11.0,10.0,plain,2025-09-30,2025-10-31
2025-10-31,IEF,0.00686801303321638,-0.0032698359523990824,0.02182691318237641,18.0,6.0,plain,2025-09-30,2025-10-31
2025-10-31,IJR,0.022999546830901885,0.0039018467801005463,0.05677796236522768,6.0,1.0,plain,2025-09-30,2025-10-31
2025-10-31,IWM,0.007219995529480494,0.0038099436923975014,0.05804849452615175,7.0,5.0,plain,2025-09-30,2025-10-31
2025-10-31,LQD,0.006300097447929032,-0.0022138687355529887,0.028124093686932087,15.0,9.0,plain,2025-09-30,2025-10-31
2025-10-31,MGK,-0.018174122322586972,0.011862177512343799,0.057620277958871306,1.0,18.0,plain,2025-09-30,2025-10-31
2025-10-31,SPY,-0.001039617729681419,0.009734672040702707,0.04430728536105106,2.0,13.0,plain,2025-09-30,2025-10-31
2025-10-31,VEA,0.006662577508105283,0.00545459922444228,0.043633715727271837,4.0,8.0,plain,2025-09-30,2025-10-31
2025-10-31,VNQ,0.021164461444905358,0.0032353989319549867,0.055384474851091596,9.0,3.0,plain,2025-09-30,2025-10-31
2025-10-31,VNQI,0.011398276316832767,-0.0009436219641862252,0.04629623588780509,14.0,4.0,plain,2025-09-30,2025-10-31
2025-10-31,VSS,0.006820955763576553,0.003251638390082119,0.04438677284164267,8.0,7.0,plain,2025-09-30,2025-10-31
2025-10-31,VTV,0.02234949902989114,0.007654819817704517,0.04062930881401024,3.0,2.0,plain,2025-09-30,2025-10-31
2025-10-31,VWO,-0.015135981764385575,0.0020160065357907844,0.04053163654438263,10.0,16.0,plain,2025-09-30,2025-10-31
2025-10-31,VWOB,0.0006545754688516148,-0.00016145586709815155,0.028698080722709046,13.0,12.0,plain,2025-09-30,2025-10-31
2025-11-28,BND,-0.00624728267814989,-0.002709655800868296,0.01795295080164615,16.0,13.0,plain,2025-10-31,2025-11-28
2025-11-28,BNDX,-0.00843043234441343,-0.002731170871611209,0.014968351752916333,17.0,14.0,plain,2025-10-31,2025-11-28
2025-11-28,EWX,0.005526301936131128,0.00303207203710079,0.03618687555333285,5.0,5.0,plain,2025-10-31,2025-11-28
2025-11-28,HYEM,0.0064560185793487435,-0.00037360021319355046,0.02428411327024049,13.0,3.0,plain,2025-10-31,2025-11-28
2025-11-28,HYG,0.0016540807926488377,0.000599370141242652,0.022149448701091153,11.0,7.0,plain,2025-10-31,2025-11-28
2025-11-28,IEF,-0.010842602760391618,-0.003627221519817098,0.021462946095049344,18.0,17.0,plain,2025-10-31,2025-11-28
2025-11-28,IJR,-0.0043423583691276635,0.0023882461296689393,0.0569147527514422,7.0,11.0,plain,2025-10-31,2025-11-28
2025-11-28,IWM,-0.010326050714227208,0.0018630194945657582,0.05822509051995133,9.0,15.0,plain,2025-10-31,2025-11-28
2025-11-28,LQD,-0.01060611500417985,-0.0024977663009449974,0.027729763822830086,15.0,16.0,plain,2025-10-31,2025-11-28
2025-11-28,MGK,-0.006014656315694422,0.011048944468255101,0.057692726745493694,1.0,12.0,plain,2025-10-31,2025-11-28
2025-11-28,SPY,-0.0024606389596457667,0.009254134802044876,0.0444029358984893,2.0,10.0,plain,2025-10-31,2025-11-28
2025-11-28,VEA,0.02842462799248069,0.005002626987383518,0.043423832456203286,4.0,1.0,plain,2025-10-31,2025-11-28
2025-11-28,VNQ,-0.02554537559841752,0.0019450269264711885,0.05584616793851441,8.0,18.0,plain,2025-10-31,2025-11-28
2025-11-28,VNQI,0.0008944661826628675,-0.0012179316314485252,0.04607024111295116,14.0,8.0,plain,2025-10-31,2025-11-28
2025-11-28,VSS,0.01745648547983225,0.002731595339587151,0.04456804115540423,6.0,2.0,plain,2025-10-31,2025-11-28
2025-11-28,VTV,0.004591086969008229,0.0077458644895403135,0.040634418564698765,3.0,6.0,plain,2025-10-31,2025-11-28
2025-11-28,VWO,0.006231798598067773,0.0015164532186244025,0.04056465244825971,10.0,4.0,plain,2025-10-31,2025-11-28
2025-11-28,VWOB,-0.0012632479351571968,-0.00035624355975572876,0.02832928331216883,12.0,9.0,plain,2025-10-31,2025-11-28
2025-12-31,BND,-0.0009446630105405251,-0.0026036668892482186,0.017736605423637534,16.0,16.0,plain,2025-11-28,2025-12-31
2025-12-31,BNDX,0.0020599000865586525,-0.0031894422522177985,0.01451791817062837,17.0,13.0,plain,2025-11-28,2025-12-31
2025-12-31,EWX,0.02711570928152862,0.0029503520283391065,0.03496749756955891,7.0,8.0,plain,2025-11-28,2025-12-31
2025-12-31,HYEM,0.011938351072241948,0.00026586469231205685,0.024279821598922634,12.0,10.0,plain,2025-11-28,2025-12-31
2025-12-31,HYG,0.0029604461433911933,0.0011086288912733819,0.0215526057223756,10.0,12.0,plain,2025-11-28,2025-12-31
2025-12-31,IEF,-0.005378771401089111,-0.0036188935269599997,0.021265754007287446,18.0,17.0,plain,2025-11-28,2025-12-31
2025-12-31,IJR,0.05372327844739844,0.0033263422165236275,0.055368725692945646,6.0,3.0,plain,2025-11-28,2025-12-31
2025-12-31,IWM,0.05153392029332182,0.0019451687643462898,0.05655635230961055,8.0,4.0,plain,2025-11-28,2025-12-31
2025-12-31,LQD,0.00033977503566018363,-0.0025733652871791383,0.02731855799866418,15.0,14.0,plain,2025-11-28,2025-12-31
2025-12-31,MGK,-0.01981088189923419,0.00868877062359471,0.05639620011503891,1.0,18.0,plain,2025-11-28,2025-12-31
2025-12-31,SPY,0.011594066475381304,0.008367357616852287,0.04321175394840367,2.0,11.0,plain,2025-11-28,2025-12-31
2025-12-31,VEA,0.05642561347994279,0.007947890413347269,0.04263475125938295,4.0,2.0,plain,2025-11-28,2025-12-31
2025-12-31,VNQ,0.0229258613639709,0.0007011241797874705,0.05416454247898774,11.0,9.0,plain,2025-11-28,2025-12-31
2025-12-31,VNQI,0.04257155181000494,-0.00015806524546620833,0.045016058082681075,13.0,7.0,plain,2025-11-28,2025-12-31
2025-12-31,VSS,0.06068200468583562,0.004882364199423821,0.0432743199020556,5.0,1.0,plain,2025-11-28,2025-12-31
2025-12-31,VTV,0.04262615110326995,0.008203006665834843,0.03960611129933537,3.0,6.0,plain,2025-11-28,2025-12-31
2025-12-31,VWO,0.04715510460279937,0.0014869371703595687,0.03963949675224258,9.0,5.0,plain,2025-11-28,2025-12-31
2025-12-31,VWOB,0.00030248644385810763,-0.00020464867883903315,0.027893180402682426,14.0,15.0,plain,2025-11-28,2025-12-31
2026-01-30,BND,0.013125538032234596,-0.0019526960034193241,0.01831031247591064,16.0,10.0,plain,2025-12-31,2026-01-30
2026-01-30,BNDX,0.01242290169857685,-0.001957888479755009,0.01493829914909503,17.0,11.0,plain,2025-12-31,2026-01-30
2026-01-30,EWX,0.03253007863200175,0.0034668925549429922,0.036005856125052596,6.0,6.0,plain,2025-12-31,2026-01-30
2026-01-30,HYEM,0.006343486373523,-0.00045884814913816187,0.0248143654515744,14.0,14.0,plain,2025-12-31,2026-01-30
2026-01-30,HYG,-0.0028579505527891458,0.0008806837785284988,0.02214397725962005,11.0,16.0,plain,2025-12-31,2026-01-30
2026-01-30,IEF,0.021783807720948456,-0.002684791268211275,0.02180478750345418,18.0,8.0,plain,2025-12-31,2026-01-30
2026-01-30,IJR,0.018113075612949725,0.002182365129308082,0.05752742461723429,9.0,9.0,plain,2025-12-31,2026-01-30
2026-01-30,IWM,0.003913446654500996,0.0021931983298069,0.05882006535799519,8.0,15.0,plain,2025-12-31,2026-01-30
2026-01-30,LQD,0.01089475153605024,-0.0016407848542379696,0.028369077026164702,15.0,13.0,plain,2025-12-31,2026-01-30
2026-01-30,MGK,-0.049282081977910286,0.012201362494442298,0.058150104870005284,1.0,18.0,plain,2025-12-31,2026-01-30
2026-01-30,SPY,-0.011463064459755201,0.009582255713406592,0.04480146530555535,2.0,17.0,plain,2025-12-31,2026-01-30
2026-01-30,VEA,0.05800790565870817,0.007032168119448449,0.04452632229069509,4.0,1.0,plain,2025-12-31,2026-01-30
2026-01-30,VNQ,0.05085567147315495,0.0021653220965157584,0.055839012419944406,10.0,3.0,plain,2025-12-31,2026-01-30
2026-01-30,VNQI,0.05477043858428532,0.0004916151285917747,0.046699590607173706,12.0,2.0,plain,2025-12-31,2026-01-30
2026-01-30,VSS,0.046521625760379104,0.004601574084776885,0.04536849863631709,5.0,4.0,plain,2025-12-31,2026-01-30
2026-01-30,VTV,0.03464425383897951,0.0073425047786416725,0.04097700604768496,3.0,5.0,plain,2025-12-31,2026-01-30
2026-01-30,VWO,0.025936988754007295,0.0028177904859725805,0.0409611527953077,7.0,7.0,plain,2025-12-31,2026-01-30
2026-01-30,VWOB,0.012410713609126489,7.64259658862297e-05,0.028893080786354625,13.0,12.0,plain,2025-12-31,2026-01-30
2026-02-27,BND,-0.020459273388676813,-0.0018052356430300603,0.018139272428870073,17.0,2.0,plain,2026-01-30,2026-02-27
2026-02-27,BNDX,-0.02445812349945309,-0.0017375858707109762,0.014828111466437937,16.0,5.0,plain,2026-01-30,2026-02-27
2026-02-27,EWX,-0.05906694056130268,0.004395115869690798,0.03561400920783601,7.0,13.0,plain,2026-01-30,2026-02-27
2026-02-27,HYEM,-0.0244027469413991,0.0001276507795753834,0.024430286633624492,14.0,4.0,plain,2026-01-30,2026-02-27
2026-02-27,HYG,-0.012646651250383223,0.0011155302366300927,0.021797308639127266,11.0,1.0,plain,2026-01-30,2026-02-27
2026-02-27,IEF,-0.02626946195927571,-0.0024539892640703586,0.021759717407552143,18.0,6.0,plain,2026-01-30,2026-02-27
2026-02-27,IJR,-0.0430573291552121,0.004771752849071796,0.05679909668621748,6.0,8.0,plain,2026-01-30,2026-02-27
2026-02-27,IWM,-0.052595723393065286,0.004173793097743628,0.05795313294904074,9.0,12.0,plain,2026-01-30,2026-02-27
2026-02-27,LQD,-0.02380357071815431,-0.0014674239813059617,0.02789917262148786,15.0,3.0,plain,2026-01-30,2026-02-27
2026-02-27,MGK,-0.05256666804441845,0.010872088886965947,0.05740434596006986,1.0,11.0,plain,2026-01-30,2026-02-27
2026-02-27,SPY,-0.05236481425659356,0.009843415889755118,0.04396153313864562,2.0,10.0,plain,2026-01-30,2026-02-27
2026-02-27,VEA,-0.0890166153043781,0.007674580363992222,0.04423317541224149,4.0,16.0,plain,2026-01-30,2026-02-27
2026-02-27,VNQ,-0.066081450572396,0.004352493281536628,0.05553667853112692,8.0,14.0,plain,2026-01-30,2026-02-27
2026-02-27,VNQI,-0.1261996923521307,0.000993297335641914,0.04661630612575943,12.0,18.0,plain,2026-01-30,2026-02-27
2026-02-27,VSS,-0.09195775776152426,0.0052765598444356855,0.044943664029274535,5.0,17.0,plain,2026-01-30,2026-02-27
2026-02-27,VTV,-0.05111916666844174,0.009218591496099498,0.04060303312205044,3.0,9.0,plain,2026-01-30,2026-02-27
2026-02-27,VWO,-0.07262882161942752,0.0025189459969804165,0.040449622227004906,10.0,15.0,plain,2026-01-30,2026-02-27
2026-02-27,VWOB,-0.03742886388704314,0.0003144584335343782,0.028364766674146818,13.0,7.0,plain,2026-01-30,2026-02-27
2026-03-31,BND,-0.001644084190784434,-0.0009985253018472235,0.01836805963634614,16.0,17.0,plain,2026-02-27,2026-03-31
2026-03-31,BNDX,-0.0008092670395931645,-0.001435569459403276,0.015315351721658524,18.0,16.0,plain,2026-02-27,2026-03-31
2026-03-31,EWX,0.10571433591391832,0.003393475333733056,0.036360985631204955,9.0,3.0,plain,2026-02-27,2026-03-31
2026-03-31,HYEM,0.02227899464630334,0.00033230882053660125,0.024524175315514096,13.0,12.0,plain,2026-02-27,2026-03-31
2026-03-31,HYG,0.012020620280474459,0.0010451164085019994,0.021909934375829863,12.0,14.0,plain,2026-02-27,2026-03-31
2026-03-31,IEF,-0.004636900424381141,-0.0013604656203943526,0.021928714489659953,17.0,18.0,plain,2026-02-27,2026-03-31
2026-03-31,IJR,0.09942684130728341,0.004470100653597522,0.05717994246746116,5.0,5.0,plain,2026-02-27,2026-03-31
2026-03-31,IWM,0.11732924859591698,0.004157949160401149,0.058668191210420974,7.0,2.0,plain,2026-02-27,2026-03-31
2026-03-31,LQD,-0.0003280238707080718,-0.0004441267975843644,0.02826157443754711,15.0,15.0,plain,2026-02-27,2026-03-31
2026-03-31,MGK,0.13945658747726553,0.010665154322040907,0.05862542169865719,1.0,1.0,plain,2026-02-27,2026-03-31
2026-03-31,SPY,0.10158469057343722,0.008509604669399155,0.044781398199584314,2.0,4.0,plain,2026-02-27,2026-03-31
2026-03-31,VEA,0.07028850576993428,0.006639547902567007,0.04586517627922368,4.0,9.0,plain,2026-02-27,2026-03-31
2026-03-31,VNQ,0.08261211567781301,0.0034468562622205377,0.05600663601771035,8.0,7.0,plain,2026-02-27,2026-03-31
2026-03-31,VNQI,0.05920759938488018,7.123888212412716e-05,0.04924331747240146,14.0,10.0,plain,2026-02-27,2026-03-31
2026-03-31,VSS,0.08096490152679459,0.004219891116570445,0.04653692893782842,6.0,8.0,plain,2026-02-27,2026-03-31
2026-03-31,VTV,0.0506170669983208,0.006796573608752115,0.040618714985930914,3.0,11.0,plain,2026-02-27,2026-03-31
2026-03-31,VWO,0.08686516780484332,0.0020502248298611622,0.04166577696787454,10.0,6.0,plain,2026-02-27,2026-03-31
2026-03-31,VWOB,0.020791542317250666,0.0011565477954463084,0.02888370121016107,11.0,13.0,plain,2026-02-27,2026-03-31
